CODE_DIVISION;CODE_CELLULE;CODE_PRODUIT_STOCKAGE_ETE;CODE_PRODUIT_STOCKAGE_AUTOMNE
D700;M000;;
D700;M001;CO0100;
D700;M002;CO0100;
D700;M003;CO0100;
D700;M004;CO0100;
D700;M005;CO0300;
D700;M006;CO1100;
D700;M007;CO0166;
D700;M008;CO0166;
D700;M701;;
D700;M702;;
D701;M000;;
D701;M001;CO1100;
D701;M002;CO1100;
D701;M101;;
D701;M102;;
D702;M000;;
D702;M001;CO0501;
D702;M002;CO0100;
D702;M003;CO0300;
D702;M004;CO0100;CO0802
D702;M101;;
D702;M102;;
D702;M103;;
D702;M104;;
D704;C01;CO0300;
D704;C02;CO1100;
D704;C03;CO0100;
D704;C04;CO0100;
D704;C05;CO1100;
D704;C06;;
D708;M000;;
D708;M701;;
D708;M702;;
D402;M000;;
D402;M001;CO0100;
D402;M002;CO0100;
D402;M003;CO0100;
D402;M004;;
D402;M101;;
D402;M102;;
D402;M103;;
D402;M104;;
D402;M105;;
D402;M106;;
D402;M107;;
D402;M108;;
D631;M000;;
D631;M011;;
D631;M012;CO1002;
D631;M013;CO0315;CO0802
D631;M014;CO1002;
D631;M101;;
D631;M102;;
D631;M103;;
D631;M104;;
D631;M105;;
D631;M106;;
D631;M107;;
D631;M401;CO0100;
D631;M402;CO0100;
D631;M403;CO0700;
D631;M404;CO0501;
D631;M405;;CO0802
D631;M406;;CO0802
D631;M407;;
D633;M000;;
D633;M001;;
D633;M002;;
D633;M003;CO0154;
D633;M004;CO0178;
D633;M005;;
D633;M006;;
D633;M007;CO0178;
D633;M008;;
D633;M009;CO0178;
D633;M010;;
D633;M011;CO0154;
D633;M012;;
D633;M013;CO0154;
D633;M014;CO0154;
D633;M021;CO0100;
D633;M022;CO0152;
D633;M023;CO0152;
D633;M024;CO0178;
D633;M025;CO0100;CO0802
D633;M026;CO0100;
D633;M127;;
D633;M128;;
D633;M129;;
D633;M130;;
D633;M301;;
D633;M302;;
D633;M303;;
D633;M304;;
D633;M305;;
D633;M306;;
D651;M000;;
D651;M001;CO0100;CO0601
D651;M002;CO0700;CO0601
D651;M003;;CO0601
D651;M004;;CO0601
D651;M101;;
D651;M102;;
D651;M103;;
D651;M401;CO0100;
D651;M402;CO0100;
D651;M403;;CO0601
D651;M404;;CO0601
D654;M000;;
D654;M301;;
D654;M302;;
D654;M303;;
D654;M304;;
D654;M305;;
D654;M306;;
D654;M307;;
D654;M308;;
D654;M309;;
D654;M310;;
D657;M000;;
D657;M001;CO0300;
D657;M002;CO0300;
D657;M003;CO0133;
D657;M004;CO0133;
D657;M005;CO0700;CO0802
D657;M006;CO0700;CO0802
D657;M007;;CO0802
D657;M008;CO0100;CO0802
D657;M101;;
D657;M102;;
D657;M103;;
D657;M104;;
D657;M401;;
D657;M402;;
D657;M403;;
D658;M000;;
D658;M001;CO0200;
D658;M002;CO0200;
D658;M003;;
D658;M101;;
D658;M102;;
D658;M401;;
D658;M402;;
D666;M000;;
D666;M001;;
D666;M002;;
D666;M101;;
D666;M102;;
D666;M103;;
D666;M104;;
D666;M301;;
D666;M303;;
D666;M304;;
D666;M306;;
D666;M321;;
D666;M401;;
D666;M402;;
D666;M403;;
D667;M000;;
D667;M001;CO0100;
D667;M002;CO0100;
D667;M003;CO0300;
D667;M004;CO0300;
D667;M005;;
D667;M101;;
D667;M102;;
D667;M301;;
D667;M302;;
D667;M303;;
D669;M000;;
D669;M001;CO0133;
D669;M002;CO0100;
D669;M003;CO1002;
D669;M004;CO0300;CO0802
D669;M101;;
D669;M102;;
D669;M103;;
D669;M104;;
D669;M301;;
D669;M302;;
D669;M303;;
D669;M304;;
D669;M305;;
D672;M000;;
D672;M001;CO0100;
D672;M002;CO0100;
D672;M003;CO0100;
D672;M004;CO0100;
D672;M005;;
D672;M006;;
D672;M101;;
D672;M102;;
D672;M301;;
D672;M302;;
D672;M303;;
D673;M000;;
D673;M001;;
D673;M002;;
D673;M101;;
D673;M102;;
D673;M301;;
D673;M302;;
D673;M303;;
D675;M000;;
D001;M000;;
D001;M001;CO0100;
D001;M002;CO0100;
D001;M101;;
D001;M201;;
D001;M301;;
D001;M302;;
D001;M303;;
D001;M304;;
D001;M305;;
D001;M306;;
D001;M307;;
D012;M000;;
D012;M001;CO0100;CO0802
D012;M002;CO0100;CO0802
D012;M003;CO0100;
D012;M004;CO0100;
D012;M005;CO0300;
D012;M006;CO0300;
D012;M007;CO0300;
D012;M008;CO0100;
D012;M009;;CO0604
D012;M010;;CO0604
D012;M011;;CO0604
D012;M012;CO0315;CO0604
D012;M013;;CO0604
D012;M014;CO0100;
D012;M101;;
D012;M102;;
D012;M103;;
D012;M104;;
D012;M111;;
D012;M112;;
D012;M113;;
D012;M114;;
D012;M201;;
D012;M202;;
D012;M203;;
D012;M204;;
D012;M205;;
D012;M206;;
D012;M207;;
D012;M208;;
D012;M209;;
D012;M210;;
D012;M211;;
D012;M212;;
D012;M213;;
D012;M214;;
D012;M215;;
D012;M216;;
D012;M217;;
D012;M218;;
D012;M301;;
D012;M302;;
D012;M303;;
D012;M304;;
D012;M305;;
D012;M306;;
D012;M307;;
D012;M308;;
D012;M701;;
D013;M000;;
D013;M701;;
D013;M702;;
D031;M000;;
D031;M001;;
D031;M002;;
D031;M102;;
D031;M103;;
D031;M201;;
D031;M301;;
D031;M302;;
D031;M303;;
D031;M304;;
D031;M305;;
D031;M306;;
D031;M307;;
D031;M401;CO0100;CO0601
D032;M000;;
D032;M101;;
D032;M102;;
D032;M103;;
D032;M104;;
D033;M000;;
D033;M101;;
D033;M102;;
D033;M103;;
D033;M104;;
D033;M701;;
D038;M000;;
D038;M101;;
D038;M102;;
D038;M103;;
D038;M104;;
D038;M301;;
D038;M302;;
D038;M303;;
D038;M304;;
D038;M305;;
D038;M701;;
D041;M000;;
D041;M101;;
D041;M102;;
D041;M103;;
D041;M104;;
D041;M301;;
D041;M302;;
D041;M303;;
D041;M304;;
D041;M305;;
D041;M306;;
D041;M701;;
D049;M000;;
D049;M101;;
D049;M102;;
D049;M103;;
D049;M104;;
D049;M105;;
D049;M106;;
D049;M107;;
D049;M108;;
D049;M301;;
D049;M302;;
D049;M303;;
D049;M304;;
D049;M305;;
D049;M306;;
D049;M307;;
D049;M701;;
D063;M000;;
D063;M003;CO0100;
D063;M004;;
D063;M005;;
D063;M101;;
D063;M102;;
D063;M701;;
D068;M000;;
D068;M301;;
D068;M302;;
D068;M701;;
D074;M000;;
D074;M301;;
D074;M302;;
D074;M303;;
D074;M304;;
D074;M305;;
D074;M701;;
D507;M000;;
D507;M701;;
D510;M000;;
D510;M701;;
D511;M000;;
D511;M001;;
D511;M002;;
D511;M003;CO0100;
D511;M004;CO0100;
D511;M005;CO0300;
D511;M006;CO1100;
D511;M007;;CO0601
D511;M008;CO0100;CO0601
D511;M101;;
D511;M102;;
D511;M301;;
D511;M302;;
D511;M303;;
D511;M701;;
D512;M000;;
D512;M001;CO0100;
D512;M002;CO0100;
D512;M003;CO0100;
D512;M004;CO0100;
D512;M101;;
D512;M102;;
D512;M301;;
D512;M302;;
D512;M303;;
D512;M304;;
D512;M305;;
D512;M306;;
D512;M401;;
D512;M402;;
D512;M701;;
D512;M702;;
D524;M000;;
D524;M701;;
D053;M000;;
D053;M101;;
D053;M102;;
D053;M103;;
D053;M301;;
D053;M302;;
D053;M303;;
D053;M304;;
D053;M305;;
D053;M306;;
D053;M307;;
D053;M308;;
D053;M309;;
D053;M310;;
D053;M311;;
D053;M401;;
D514;M000;;
D514;M401;;
D514;M402;;
D514;M403;;
D514;M404;;
D519;M000;;
D519;M001;CO0100;
D519;M002;CO0300;
D519;M003;CO0300;
D519;M004;;
D519;M005;CO1100;
D519;M006;CO1100;
D519;M007;CO1100;
D519;M008;CO1100;
D519;M009;;
D519;M010;CO1100;
D519;M011;CO0501;
D519;M012;CO0501;
D519;M013;CO0501;
D519;M014;CO0501;
D519;M101;;
D519;M102;;
D519;M301;;
D519;M302;;
D519;M303;;
D519;M304;;
D519;M305;;
D519;M306;;
D519;M701;;
D617;M000;;
D617;M301;;
D617;M302;;
D617;M303;;
D617;M304;;
D617;M305;;
D641;M003;CO0100;CO0601
D641;M004;CO1100;CO0606
D641;M005;CO0100;CO0802
D641;M006;;
D641;M007;;
D641;M008;;
D641;M101;;
D641;M102;;
D641;M103;;
D641;M104;;
D641;M301;;
D641;M302;;
D641;M303;;
D641;M401;;
D641;M402;;
D641;M403;;
D642;M000;;
D642;M001;CO0100;
D642;M002;CO0100;
D642;M003;CO0100;
D642;M004;CO0100;
D642;M101;;
D642;M102;;
D642;M301;;
D642;M302;;
D642;M303;;
D642;M304;;
D642;M305;;
D642;M306;;
D642;M701;;
D642;M702;;
D642;M703;;
D643;M000;;
D643;M001;CO1100;
D643;M002;CO0152;
D643;M003;CO0100;
D643;M004;CO0100;
D643;M101;;
D643;M102;;
D643;M301;;
D643;M302;;
D643;M303;;
D643;M304;;
D643;M305;;
D643;M306;;
D644;M000;;
D644;M001;;
D644;M002;;
D644;M003;;
D644;M004;;
D644;M005;CO1100;
D644;M006;CO0300;
D644;M007;CO0100;
D644;M008;CO0100;
D644;M301;;
D644;M302;;
D644;M303;;
D644;M304;;
D644;M401;CO0100;
D644;M402;CO0100;
D645;M000;;
D645;M001;CO1100;
D645;M002;CO1100;
D645;M003;CO0100;
D645;M004;CO0100;
D645;M101;;
D645;M102;;
D645;M301;;
D645;M302;;
D645;M303;;
D645;M701;;
D646;M000;;
D646;M301;;
D646;M302;;
D646;M303;;
D646;M304;;
D646;M701;;
D646;M702;;
D646;M703;;
D647;M000;;
D647;M001;CO0100;
D647;M002;CO0100;
D647;M101;;
D647;M304;CO0300;
D649;M000;;
D649;M101;;
D649;M301;;
D649;M302;;
D649;M303;;
D649;M401;;
D653;M000;;
D653;M001;CO0100;
D653;M101;;
D653;M102;;
D653;M401;;
D653;M402;;
D653;M403;;
D653;M404;;
D656;M000;;
D670;M000;;
D670;M301;CO0100;
D670;M302;CO0100;
D670;M303;CO0100;
D670;M304;CO0100;
D058;M000;;
D058;M021;;
D058;M022;;
D058;M023;;
D058;M024;;
D058;M025;;
D058;M026;;
D058;M027;;
D058;M028;;
D058;M031;;
D058;M032;;
D058;M033;;
D058;M034;;
D058;M035;;
D058;M036;;
D058;M037;;
D058;M038;;
D058;M130;;
D058;M401;;
D061;C01;CO0100;CO0802
D061;C01;CO1100;
D061;C01;CO0315;
D061;C01;CO0700;
D061;C01;CO0700;
D061;C01;CO0700;CO0802
D061;C01;CO1100;CO0601
D061;C01;CO0315;
D061;C01;CO0700;
D061;C01;CO0313;CO0601
D061;C01;CO0313;CO0601
D061;C01;CO0315;CO0802
D061;C02;CO0313;
D061;C03;CO0313;
D061;C04;CO0313;
D061;C05;CO0313;
D061;C06;CO0300;
D061;C07;CO0300;
D061;C08;CO1100;CO0601
D120;M000;;
D120;M701;;
D150;C01;;CO0601
D150;C01;;CO0601
D151;C01;CO1100;
D153;M401;CO0152;
D153;M402;CO0100;
D300;C01;CO0300;
D300;C01;CO0300;
D300;C01;CO0300;
D300;C01;CO0100;
D300;C01;CO0100;
D300;C01;CO0100;
D300;C01;CO0100;
D300;C01;;
D300;C01;;
D300;C01;;
D300;C01;;
D300;C01;;
D302;C01;;CO0601
D302;C01;;CO0601
D302;C01;;CO0601
D302;C01;;CO0601
D302;C01;;CO0601
D302;C01;;CO0601
D302;C01;CO0100;CO0601
D302;C01;CO0100;CO0601
D302;C01;CO0100;
D302;C01;CO0100;
D302;C01;CO0100;
D302;C01;CO0100;
D303;C01;CO0100;
D303;C01;CO0100;
D303;C01;;
D303;C01;;
D304;C01;;
D304;C02;;
D304;C03;;
D304;C04;CO0315;
D304;C05;CO0300;
D304;C06;;
D305;C01;;
D305;C01;;
D305;C01;;
D310;C01;CO0100;
D310;C01;CO0100;
D310;C01;CO0100;
D310;C01;CO0100;
D310;C01;;CO0601
D310;C01;;CO0601
D310;C01;;CO0601
D310;C01;;CO0601
D314;C01;;CO0802
D314;C01;;CO0802
D314;C01;CO0100;CO0802
D314;C01;CO0700;
D314;C01;CO0700;
D314;C01;CO0300;
D314;C01;;
D314;C01;CO0100;
D314;C01;CO0100;
D314;C02;CO0100;
D314;C03;CO0100;
D314;C04;CO0300;
D314;C05;CO0100;
D314;C06;CO0100;
D316;C01;CO0300;
D316;C02;CO0300;
D316;C03;CO0300;
D316;C04;CO0100;CO0601
D316;C05;CO0100;
D316;C06;CO0100;
D316;C07;CO0100;
D457;M301;;
D457;M302;;
D457;M303;;
D457;M304;;
D509;M000;;
D509;M701;;
D525;M001;;
D525;M002;;
D525;M003;;
D525;M004;;
D525;M005;;
D525;M006;;
D525;M007;;
D525;M008;;
D525;M101;;
D525;M301;;
D525;M302;;
D525;M303;;
D525;M304;;
D525;M305;;
D525;M306;;
D619;M302;;
D619;M303;;
D619;M304;;
D640;M000;;
D663;M000;;
D668;M008;;
D668;M101;;
D668;M301;;
D668;M302;;
D668;M303;;
D668;M304;;
D668;M407;;
D100;M000;;
D100;M101;;
D100;M102;;
D100;M103;;
D100;M401;;
D102;M000;;
D102;M001;;CO0801
D102;M002;;CO0801
D102;M003;;CO0801
D102;M004;CO0700;
D102;M005;CO0100;
D102;M006;CO0100;
D102;M007;;
D102;M008;CO0314;
D102;M009;CO0200;
D102;M010;CO0200;
D102;M011;CO0700;
D102;M012;CO0700;
D102;M013;CO0100;
D102;M014;CO0100;
D102;M015;CO0100;CO0802
D102;M016;CO0100;CO0802
D102;M017;CO0100;CO0802
D102;M018;CO0100;CO0802
D102;M019;CO0100;
D102;M020;CO0200;
D102;M021;CO0100;
D102;M022;CO0100;
D102;M023;;CO0802
D102;M024;;CO0802
D102;M101;;
D102;M102;;
D102;M103;;
D102;M104;;
D102;M105;;
D102;M106;;
D102;M301;;
D102;M302;;
D102;M303;;
D102;M304;;
D102;M305;;
D106;M000;;
D106;M101;;
D106;M102;;
D106;M103;;
D106;M104;;
D106;M105;;
D106;M701;;
D107;M000;;
D107;M001;;
D107;M002;CO0314;
D107;M003;CO0100;CO0802
D107;M004;CO0200;
D107;M005;CO0700;
D107;M101;;
D107;M102;;
D107;M201;;
D107;M202;;
D107;M301;;
D107;M302;;
D107;M401;;
D202;M000;;
D202;M001;;
D202;M002;;
D202;M003;;
D202;M004;CO0100;
D202;M005;CO0100;
D202;M006;CO0100;
D202;M007;CO0100;
D202;M008;CO0100;
D202;M009;CO0100;
D202;M010;CO0100;
D202;M101;;
D202;M102;;
D202;M301;;
D202;M302;;
D202;M303;;
D202;M304;;
D210;M000;;
D210;M301;;
D210;M302;;
D210;M303;;
D210;M304;;
D210;M305;;
D210;M306;;
D210;M401;;
D212;M000;;
D212;M001;;
D212;M002;;
D212;M101;;
D212;M102;;
D212;M103;;
D212;M301;;
D212;M302;;
D212;M303;;
D212;M304;;
D212;M701;;
D214;M000;;
D214;M003;CO0100;
D214;M004;CO0100;
D214;M005;CO1100;
D214;M006;CO1100;
D214;M007;CO0100;
D214;M008;CO0100;
D214;M009;CO0100;
D214;M010;CO0300;
D214;M011;CO1100;
D214;M012;CO1100;
D214;M013;;CO0802
D214;M014;;CO0802
D214;M101;;
D214;M102;;
D214;M108;;
D214;M109;;
D214;M701;;
D225;M000;;
D225;M001;;
D225;M002;;
D225;M101;;
D225;M102;;
D225;M103;;
D225;M104;;
D411;M001;CO0300;
D411;M002;CO0900;
D411;M003;CO0100;CO0802
D411;M004;CO0100;CO0802
D411;M005;CO0700;
D411;M006;CO0100;
D411;M101;;
D411;M102;;
D411;M103;;
D411;M104;;
D411;M105;;
D411;M106;;
D411;M201;;
D411;M202;;
D411;M203;;
D411;M204;;
D411;M205;;
D411;M206;;
D411;M207;;
D411;M208;;
D411;M401;;
D416;M000;;
D416;M001;;
D416;M002;;
D416;M003;;
D416;M101;;
D416;M102;;
D416;M103;;
D416;M701;;
D464;M000;;
D464;M301;;
D464;M302;;
D464;M303;;
D464;M304;;
D464;M305;;
D464;M306;;
D464;M307;;
D464;M308;;
D464;M309;;
D464;M701;;
D003;M000;;
D003;M101;;
D003;M102;;
D003;M103;;
D003;M104;;
D003;M105;;
D003;M106;;
D003;M107;;
D003;M108;;
D003;M301;;
D003;M302;;
D003;M303;;
D003;M304;;
D003;M305;;
D003;M306;;
D003;M307;;
D008;M000;;
D008;M001;CO0315;
D008;M002;CO1002;
D008;M003;;
D008;M004;CO0100;
D008;M005;;
D008;M006;CO0300;
D008;M007;CO0100;
D008;M008;CO0100;
D008;M009;CO0100;CO0802
D008;M102;;
D008;M201;;
D008;M202;;
D008;M301;;
D008;M302;;
D008;M303;;
D008;M304;;
D008;M305;;
D008;M306;;
D008;M307;;
D017;M000;;
D017;M001;;
D017;M002;;
D017;M101;;
D017;M102;;
D017;M301;;
D017;M302;;
D017;M303;;
D017;M304;;
D017;M305;;
D017;M306;;
D034;M000;;
D034;M001;;
D034;M002;;
D034;M003;;
D034;M004;;
D034;M005;;
D034;M006;;
D034;M101;;
D040;M000;;
D040;M101;;
D040;M102;;
D040;M103;;
D040;M104;;
D040;M301;;
D046;M000;;
D046;M401;;
D046;M701;;
D077;M000;;
D077;M007;CO0200;
D077;M008;;
D077;M101;;
D077;M102;;
D077;M103;;
D077;M104;;
D077;M105;;
D077;M106;;
D077;M401;CO0100;
D077;M402;CO0100;
D087;M000;;
D087;M701;;
D119;M000;;
D119;M001;CO0100;
D119;M002;CO0100;
D119;M101;;
D119;M102;;
D119;M201;;
D119;M301;;
D119;M302;;
D119;M303;;
D119;M304;;
D119;M305;;
D119;M306;;
D119;M307;;
D404;M000;;
D404;M001;;CO0801
D404;M002;CO0100;CO0802
D404;M003;CO0315;
D404;M004;CO1600;
D404;M005;CO1600;
D404;M006;CO1600;
D404;M007;CO0100;
D404;M008;CO0100;
D404;M101;;
D404;M102;;
D404;M103;;
D404;M201;;
D404;M202;;
D404;M203;;
D404;M204;;
D404;M205;;
D404;M206;;
D404;M207;;
D404;M208;;
D404;M209;;
D404;M210;;
D404;M211;;
D404;M301;;
D404;M302;;
D404;M303;;
D404;M304;;
D404;M305;;
D404;M306;;
D404;M307;;
D404;M308;;
D419;M000;;
D419;M101;;
D419;M102;;
D419;M103;;
D419;M301;;
D419;M302;;
D419;M303;;
D419;M304;;
D419;M305;;
D419;M701;;
D490;M000;;
D490;M001;CO0700;
D490;M003;CO0200;
D490;M004;CO0300;
D490;M006;CO0100;
D490;M007;CO0100;
D490;M009;CO0100;CO0802
D490;M010;CO0100;CO0802
D490;M101;;
D490;M301;;
D490;M302;;
D490;M303;;
D490;M304;;
D490;M305;;
D490;M306;;
D490;M307;;
D635;M000;;
D635;M701;;
D105;M000;;
D105;M301;;
D105;M302;;
D105;M303;;
D105;M304;;
D105;M305;;
D105;M306;;
D105;M401;;
D105;M701;;
D110;M000;;
D110;M001;CO0100;
D110;M002;CO0100;
D110;M301;;
D110;M302;;
D110;M303;;
D111;M000;;
D111;M001;CO0100;
D111;M002;CO0100;
D111;M003;CO0100;
D111;M004;CO0100;CO0802
D111;M005;CO0100;CO0802
D111;M006;CO0100;CO0802
D111;M007;CO0100;
D111;M008;CO0300;
D111;M101;;
D111;M102;;
D112;M000;;
D112;M001;CO0313;
D112;M002;CO0200;
D112;M003;CO0700;
D112;M004;CO0314;
D112;M005;CO0314;
D112;M006;CO0100;CO0802
D112;M101;;
D112;M102;;
D112;M103;;
D112;M104;;
D112;M401;CO0100;
D114;M000;;
D114;M001;;
D114;M002;;
D114;M003;CO0100;
D114;M004;CO0100;
D114;M005;CO0100;
D114;M006;CO0100;
D114;M007;CO0100;
D114;M101;;
D114;M102;;
D114;M103;;
D128;M000;;
D128;M001;CO0314;
D128;M002;CO0100;
D128;M101;;
D128;M102;;
D128;M201;;
D128;M301;;
D128;M302;;
D205;M000;;
D205;M001;CO0100;
D205;M002;CO0100;
D205;M003;CO0100;
D205;M004;CO0100;
D205;M005;CO0100;
D205;M006;CO0100;
D205;M101;;
D205;M102;;
D205;M103;;
D205;M104;;
D410;C01;CO0200;
D410;C02;CO0200;
D410;C03;CO0200;
D410;C04;CO0314;
D410;C05;CO0314;
D410;C06;CO0314;
D410;C07;CO0314;
D410;C08;CO0314;
D410;C09;CO0314;
D410;C10;;
D410;C11;;
D410;C12;;
D424;C01;CO0314;
D424;C02;CO0314;
D424;C03;CO0314;
D424;C04;CO0314;
D424;C05;CO0314;
D424;C06;CO0314;
D424;C07;CO1100;
D424;C08;CO1100;
D424;C09;CO0100;CO0802
D424;C10;CO0100;CO0802
D424;C11;;CO0802
D424;C12;;CO0802
D424;C13;;CO0802
D424;C14;;CO0802
D609;M001;CO0100;
D609;M002;CO0100;
D609;M003;CO0100;
D609;M004;CO0100;
D609;M101;;
D609;M102;;
D609;M103;;
D609;M301;;
D609;M302;;
D609;M303;;
D609;M304;;
D609;M305;;
D609;M306;;
D609;M307;;
D609;M308;;
D609;M701;;
D609;M702;;
D609;M703;;
D610;M000;;
D610;M001;CO0152;
D610;M002;CO0152;
D610;M003;CO0152;
D610;M004;CO0152;
D610;M101;;
D610;M102;;
D610;M103;;
D610;M301;;
D610;M302;;
D610;M303;;
D610;M304;;
D610;M305;;
D610;M701;;
D610;M702;;
D610;M703;;
D620;M000;;
D620;M001;CO0100;CO0152
D620;M002;CO0152;
D620;M003;CO0152;CO0601
D620;M101;;
D620;M102;;
D620;M301;;
D620;M302;;
D620;M303;;
D620;M304;;
D620;M305;;
D620;M306;;
D620;M307;;
D620;M308;;
D620;M401;;
D620;M402;;
D620;M403;;
D620;M404;;
D622;M000;;
D622;M701;;
D622;M702;;
D622;M703;;
D622;M704;;
D626;M000;;
D626;M001;CO0100;
D626;M002;CO0100;
D626;M003;CO0100;
D626;M101;;
D626;M102;;
D626;M301;;
D626;M302;;
D626;M303;;
D626;M304;;
D626;M305;;
D626;M701;;
D626;M900;;
D637;M000;;
D637;M701;;
D637;M702;;
D637;M703;;
D660;M000;;
D660;M001;CO0300;
D660;M002;CO0100;
D660;M003;;CO1503
D660;M004;CO0100;CO0601
D660;M101;;
D660;M102;;
D660;M301;;
D660;M302;;
D660;M303;;
D660;M304;;
D660;M305;;
D660;M306;;
D660;M307;;
D660;M308;;
D660;M701;;
D661;M000;;
D661;M001;CO0100;CO0601
D661;M002;CO0100;
D661;M101;;
D661;M102;;
D661;M301;;
D661;M302;;
D661;M303;;
D661;M304;;
D661;M701;;
D662;M000;;
D662;M001;;
D662;M101;;
D662;M102;;
D662;M308;;
D662;M309;;
D662;M310;;
D662;M311;;
D662;M312;;
D662;M313;;
D662;M401;;
D662;M701;;
D662;M702;;
D662;M703;;
D662;M704;;
D662;M705;;
D664;M000;;
D664;M001;CO0152;
D664;M301;;
D664;M302;;
D664;M303;;
D664;M304;;
D664;M305;;
D664;M306;;
D664;M307;;
D664;M308;;
D664;M701;;
D664;M702;;
D671;M000;;
D671;M701;;
D671;M702;;
D671;M703;;
D674;M001;;CO0802
D674;M002;;CO1301
D674;M003;CO0152;
D674;M004;CO0100;CO1301
D674;M005;CO0100;
D674;M006;CO0152;
D674;M007;CO0152;
D674;M101;;
D674;M102;;
D674;M103;;
D674;M104;;
D674;M302;;
D674;M303;;
D674;M304;;
D674;M305;;
D674;M306;;
D674;M307;;
D674;M701;;
D674;M702;;
D674;M703;;
D681;M000;;
D681;M701;;
D681;M702;;
D681;M703;;
D681;M704;;
D682;M000;;
D682;M701;;
D682;M702;;
D002;M000;;
D002;M101;;
D002;M102;;
D002;M103;;
D002;M104;;
D002;M301;;
D002;M302;;
D009;M000;;
D009;M101;;
D009;M102;;
D009;M103;;
D009;M104;;
D009;M105;;
D009;M106;;
D009;M301;;
D009;M302;;
D009;M303;;
D009;M304;;
D009;M305;;
D009;M306;;
D009;M307;;
D009;M801;;
D010;M000;;
D010;M001;CO0100;
D010;M002;CO0300;
D010;M003;;
D010;M101;;
D010;M102;;
D010;M103;;
D010;M104;;
D010;M302;;
D010;M303;;
D010;M304;;
D010;M305;;
D010;M306;;
D010;M307;;
D011;M000;;
D011;M005;CO0100;
D011;M006;CO0300;
D011;M101;;
D011;M102;;
D011;M301;;
D011;M302;;
D011;M303;;
D011;M304;;
D011;M305;;
D011;M701;;
D015;M000;;
D015;M101;;
D015;M102;;
D015;M103;;
D015;M104;;
D015;M801;;
D016;M000;;
D016;M101;;
D016;M102;;
D016;M103;;
D016;M104;;
D016;M301;;
D016;M302;;
D016;M303;;
D016;M304;;
D016;M305;;
D016;M306;;
D018;M000;;
D018;M301;;
D018;M302;;
D018;M303;;
D018;M304;;
D018;M701;;
D022;M000;;
D022;M001;;
D022;M002;;
D022;M003;CO0316;
D022;M004;;
D022;M005;CO0502;
D022;M006;CO0502;
D022;M007;CO0502;
D022;M008;CO0502;
D022;M011;CO0502;
D022;M012;CO0502;
D022;M013;CO1100;
D022;M014;CO0700;
D022;M015;CO1100;
D022;M016;CO0700;
D022;M017;;
D022;M018;CO0700;
D022;M019;CO1100;
D022;M021;CO1100;CO0801
D022;M022;CO0700;CO0801
D022;M023;;CO0801
D022;M024;;CO0801
D022;M026;;CO0801
D022;M027;;CO0801
D022;M029;;CO0801
D022;M030;;CO0801
D022;M032;CO0100;CO0801
D022;M033;CO0100;CO0801
D022;M035;CO0166;
D022;M036;CO0166;
D022;M037;;
D022;M038;CO0316;
D022;M040;CO0313;
D022;M041;CO0313;
D022;M043;CO0313;
D022;M044;CO0313;
D022;M101;;
D022;M102;;
D022;M103;;
D022;M104;;
D022;M105;;
D022;M106;;
D022;M107;;
D022;M108;;
D022;M109;;
D022;M110;;
D022;M111;;
D022;M112;;
D022;M113;;
D022;M114;;
D022;M115;;
D022;M116;;
D022;M117;;
D022;M118;;
D022;M119;;
D022;M120;;
D022;M800;;
D026;M001;CO0313;
D026;M002;CO0315;
D026;M004;CO0315;
D026;M005;CO0315;
D026;M006;CO0313;
D026;M007;CO0313;
D026;M008;CO0313;
D026;M009;CO0300;CO0601
D026;M010;CO0300;CO0601
D026;M011;CO0300;CO0601
D026;M012;;CO0601
D026;M013;CO0300;CO0601
D026;M014;CO0313;CO0601
D026;M015;CO0100;CO0601
D026;M016;CO0100;CO0601
D026;M017;CO0100;CO0802
D026;M018;;CO0802
D026;C19;CO0100;CO0802
D026;C20;CO0100;CO0601
D026;M101;;
D026;M102;;
D026;M103;;
D026;M104;;
D026;M105;;
D026;M106;;
D026;M107;;
D026;M108;;
D026;M109;;
D026;M110;;
D026;M201;;
D026;M202;;
D026;M205;;
D026;M206;;
D026;M207;;
D026;M208;;
D026;M301;;
D026;M302;;
D026;M303;;
D026;M304;;
D026;M305;;
D026;M306;;
D026;M307;;
D026;M308;;
D026;M309;;
D044;M000;;
D044;M301;;
D044;M302;;
D044;M303;;
D044;M304;;
D044;M305;;
D044;M306;;
D044;M307;;
D044;M308;;
D044;M309;;
D044;M701;;
D044;M801;;
D052;M000;;
D052;M001;;
D052;M002;;
D052;M003;CO0100;
D052;M004;CO0100;
D052;M005;CO0100;
D052;M006;CO0100;
D052;M007;CO0100;
D052;M008;CO0100;
D052;M009;CO0100;
D052;M010;CO0100;
D052;M011;CO0100;
D052;M012;CO0100;
D052;M013;;
D052;M014;;
D052;M101;;
D052;M701;;
D054;M000;;
D054;M001;CO0100;
D054;M002;CO0100;
D054;M003;CO0100;
D054;M004;CO0100;
D054;M005;CO0100;
D054;M006;CO0100;
D054;M007;;
D054;M101;;
D054;M301;;
D054;M801;;
D056;M000;;
D056;M001;CO0700;
D056;M002;CO0700;
D056;M003;;
D056;M004;;
D056;M005;;
D056;M006;;
D056;M007;;
D056;M008;;
D056;M101;;
D056;M301;;
D056;M302;;
D056;M303;;
D056;M304;;
D056;M305;;
D062;M000;;
D062;M001;;
D062;M002;;
D062;M003;;
D062;M004;;CO0802
D062;M005;;CO0802
D062;M006;CO0200;
D062;M007;CO0200;
D062;M008;;CO0802
D062;M009;;CO0802
D062;M010;;CO0802
D062;M011;CO0200;
D062;M012;;CO0802
D062;M101;;
D062;M201;;
D062;M202;;
D062;M203;;
D062;M204;;
D062;M205;;
D062;M206;;
D503;M000;;
D503;M001;;
D503;M002;;
D503;M003;;
D503;M004;;
D503;M005;CO1002;
D503;M006;CO0100;
D503;M007;CO0100;
D503;M008;CO0100;
D503;M009;CO0100;
D503;M010;CO0100;
D503;M102;;
D503;M103;;
D503;M105;;
D503;M106;;
D503;M301;;
D503;M302;;
D503;M303;;
D503;M304;;
D503;M305;;
D503;M306;;
D503;M401;;CO0601
D503;M402;;CO0601
D503;M403;CO0300;CO0601
D503;M404;CO0100;CO0601
D503;M405;CO0100;CO0601
D503;M406;CO0100;
D508;M000;;
D508;M001;;
D508;M002;;
D508;M003;;
D508;M004;;
D508;M005;CO1101;
D508;M006;;
D508;M007;CO0300;
D508;M008;CO1100;
D508;M009;CO1100;
D508;M010;CO0300;
D508;M011;;CO0802
D508;M012;;CO0802
D508;M031;CO0700;
D508;M032;CO0700;
D508;M033;;CO0802
D508;M034;CO0700;
D508;M035;CO0700;
D508;M036;;CO0802
D508;M037;CO0700;
D508;M038;CO0700;
D508;M041;CO0100;
D508;M042;;CO0601
D508;M043;CO0100;
D508;M044;;CO0601
D508;M101;;
D508;M102;;
D508;M103;;
D508;M104;;
D508;M105;;
D508;M106;;
D508;M107;;
D508;M301;;
D508;M302;;
D508;M303;;
D508;M304;;
D508;M305;;
D508;M306;;
D508;M701;;
D513;M000;;
D513;M001;CO0313;
D513;M002;CO0900;
D513;M003;CO0900;
D513;M004;CO0300;
D513;M005;CO0100;
D513;M006;CO0100;CO0802
D513;M007;CO0100;CO0802
D513;M008;CO0100;CO0802
D513;M009;CO0100;
D513;M010;CO0100;
D513;M011;CO0100;
D513;M013;;
D513;M101;;
D513;M102;;
D513;M301;;
D513;M302;;
D513;M303;;
D513;M304;;
D513;M305;;
D513;M800;;
D517;M000;;
D517;M001;CO0133;
D517;M002;CO0133;
D517;M101;;
D517;M102;;
D517;M105;;
D517;M401;;
D517;M701;;
D517;M702;;
D517;M703;;
D517;M704;;
D517;M801;;
D520;M000;;
D520;M301;;
D520;M302;;
D520;M303;;
D520;M304;;
D520;M305;;
D520;M701;;
D520;M702;;
D520;M703;;
D520;M801;;
D601;C07;CO1002;
D601;C08;CO1002;
D601;C09;CO1002;
D601;C10;;
D601;C11;;
D601;C12;;
D601;C13;CO0300;
D601;C14;;
D601;M000;;
D601;M001;;CO0601
D601;M002;CO0100;
D601;M003;;
D601;M004;CO0901;
D601;M005;CO0300;
D601;M006;CO0100;
D601;M101;;
D601;M102;;
D601;M115;;
D601;M116;;
D601;M117;;
D601;M118;;
D601;M801;;
D602;M001;CO0100;
D602;M002;CO0100;
D602;M011;;
D602;M012;;
D602;M013;CO0175;
D602;M014;;
D602;M015;CO0133;
D602;M016;CO0133;
D602;M017;CO1101;
D602;M018;CO0100;
D602;M019;CO0501;
D602;M020;CO0501;
D602;M101;;
D602;M102;;
D602;M302;;
D602;M303;;
D602;M304;;
D602;M305;;
D602;M306;;
D602;M307;;
D602;M309;;
D602;M701;;
D602;M702;;
D602;M801;;
D602;M802;;
D602;M803;;
D604;M000;;
D604;M003;CO0700;
D604;M004;CO0700;
D604;M005;CO0700;
D604;M006;CO0100;CO0802
D604;M007;;CO0802
D604;M008;;CO0802
D604;M009;;CO0802
D604;M011;CO0100;
D604;M012;CO0100;CO0601
D604;M013;;CO0601
D604;M014;CO0100;CO0601
D604;M410;CO0100;
D604;M061;;
D604;M062;;
D604;M063;;
D604;M064;;
D604;M065;;
D604;M066;;
D604;M067;;
D604;M068;;
D604;M069;;
D604;M070;;
D604;M071;;
D604;M072;;
D604;M101;;
D604;M102;;
D604;M103;;
D604;M104;;
;;;
D604;M460;;
D604;M501;;
D604;M502;;
D604;M558;;
D604;M559;;
D604;M701;;
D604;M801;;
D606;M000;;
D606;M001;;
D606;M002;;
D606;M003;;
D606;M004;;
D606;M005;;
D606;M006;;
D606;M010;;
D606;M011;;
D606;M012;;
D606;M101;;
D606;M102;;
D606;M103;;
D606;M104;;
D606;M110;;
D606;M301;;
D606;M302;;
D606;M303;;
D606;M306;;
D606;M307;;
D606;M308;;
D606;M309;;
D606;M310;;
D606;M801;;
D611;M000;;
D611;M001;;
D611;M002;;
D611;M003;;
D611;M004;;
D611;M005;;
D611;M006;;
D611;M007;;
D611;M008;;
D611;M101;;
D611;M102;;
D611;M103;;
D611;M104;;
D611;M301;;
D611;M302;;
D611;M303;;
D611;M306;;
D611;M307;;
D611;M308;;
D611;M409;;
D611;M701;;
D611;M702;;
D611;M801;;
D612;M000;;
D612;M001;;
D612;M002;;
D612;M003;;
D612;M004;;
D612;M101;;
D612;M102;;
D612;M103;;
D612;M104;;
D612;M301;;
D612;M302;;
D612;M304;;
D612;M305;;
D612;M701;;
D615;M000;;
D615;M001;;
D615;M002;;
D615;M101;;
D615;M102;;
D615;M401;;
D615;M701;;
D615;M702;;
D616;M000;;
D616;M001;;
D616;M101;;
D616;M102;;
D616;M103;;
D616;M104;;
D616;M105;;
D616;M106;;
D616;M701;;
D616;M702;;
D624;M000;;
D624;M701;;
D624;M702;;
D624;M703;;
D624;M704;;
D703;C01;;
D703;C02;;
D703;C03;;
D703;C04;;
D703;C05;;
D703;C06;;
D703;C07;;
D703;C08;;
D703;C09;;
D703;C10;;
D703;C11;;
D703;C12;;
D703;C13;;
D706;M000;;
D706;M701;;
D710;M000;;
D710;M001;;
D710;M002;;
D710;M003;;
D710;M004;;
D710;M005;;
D710;M006;;
D710;M007;;
D710;M101;;
D710;M102;;
D710;M104;;
D710;M105;;
D710;M301;;
D710;M302;;
D710;M303;;
D710;M304;;
D742;M000;;
D742;M301;;
D742;M302;;
D742;M303;;
D742;M304;;
D108;M000;;
D108;M101;;
D108;M102;;
D108;M103;;
D108;M104;;
D108;M701;;
D109;M000;;
D109;M001;;
D109;M002;;
D109;M101;;
D109;M102;;
D109;M103;;
D109;M104;;
D200;M001;;
D200;M002;;
D200;M003;;
D200;M004;;
D200;M005;;
D200;M006;;
D200;M007;;
D200;M008;;
D200;M009;;
D200;M010;;
D200;M011;;
D200;M101;;
D200;M102;;
D200;M103;;
D200;M104;;
D200;M410;;
D200;M425;;
D201;M000;;
D201;M001;;
D201;M002;;
D201;M003;;
D201;M004;;
D201;M005;;
D201;M006;;
D201;M007;;
D201;M008;;
D201;M009;;
D201;M010;;
D201;M011;;
D201;M012;;
D201;M013;;
D201;M021;;
D201;M022;;
D201;M023;;
D201;M101;;
D201;M102;;
D201;M301;;
D201;M302;;
D201;M303;;
D201;M304;;
D201;M305;;
D201;M306;;
D201;M401;;
D204;M000;;
D204;M001;;
D204;M002;;
D204;M003;;
D204;M004;;
D204;M101;;
D204;M102;;
D204;M103;;
D204;M104;;
D204;M105;;
D204;M301;;
D204;M302;;
D204;M303;;
D204;M304;;
D204;M305;;
D204;M306;;
D204;M307;;
D204;M701;;
D213;M000;;
D213;M101;;
D213;M102;;
D213;M103;;
D213;M104;;
D213;M701;;
D218;M401;;
D218;M402;;
D220;M000;;
D220;M001;;
D220;M002;;
D220;M003;;
D220;M004;;
D220;M005;;
D220;M006;;
D220;M007;;
D220;M008;;
D220;M009;;
D220;M101;;
D220;M102;;
D220;M103;;
D220;M104;;
D220;M304;;
D220;M801;;
D226;M000;;
D226;M001;;
D226;M002;;
D226;M003;;
D226;M004;;
D226;M005;;
D226;M006;;
D226;M007;;
D226;M008;;
D226;M009;;
D226;M010;;
D226;M011;;
D226;M101;;
D226;M102;;
D226;M103;;
D226;M104;;
D445;M000;;
D445;M101;;
D445;M102;;
D445;M103;;
D445;M104;;
D445;M105;;
D445;M106;;
D445;M107;;
D445;M301;;
D445;M302;;
D445;M303;;
D445;M304;;
D445;M305;;
D445;M306;;
D445;M307;;
D445;M401;;
D445;M402;;
D705;M101;;
D705;M102;;
D707;M001;;
D707;M002;;
D707;M003;;
D707;M004;;
D707;M005;;
D707;M006;;
D707;M007;;
D707;M008;;
D707;M009;;
D707;M010;;
D707;M011;;
D707;M012;;
D707;M013;;
D707;M014;;
D707;M015;;
D707;M016;;
D707;M017;;
D707;M018;;
D707;M019;;
D707;M020;;
D707;M021;;
D707;M022;;
D707;M101;;
D707;M102;;
D707;M103;;
D707;M301;;
D707;M302;;
D608;M000;;
D608;M001;;
D608;M002;;
D608;M003;;
D608;M004;;
D608;M005;;
D608;M006;;
D608;M007;;
D608;M008;;
D608;M009;;
D608;M101;;
D608;M102;;
D608;M103;;
D608;M104;;
D608;M301;;
D608;M302;;
D608;M303;;
D608;M304;;
D608;M305;;
D608;M306;;
D608;M307;;
D608;M701;;
D608;M702;;
D621;M000;;
D621;M001;;
D621;M002;;
D621;M003;;
D621;M101;;
D621;M102;;
D621;M301;;
D621;M302;;
D621;M303;;
D621;M304;;
D621;M701;;
D621;M702;;
D627;M000;;
D627;M001;;
D627;M002;;
D627;M003;;
D627;M004;;
D627;M005;;
D627;M101;;
D627;M701;;
D628;M000;;
D628;M001;;
D628;M002;;
D628;M003;;
D628;M004;;
D628;M006;;
D628;M007;;
D628;M008;;
D628;M009;;
D628;M010;;
D628;M011;;
D628;M021;;
D628;M022;;
D628;M101;;
D628;M102;;
D628;M103;;
D628;M401;;
D628;M402;;
D629;M000;;
D629;M001;;
D629;M002;;
D629;M003;;
D629;M004;;
D629;M101;;
D629;M102;;
D629;M401;;
D629;M402;;
D629;M403;;
D629;M404;;
D638;M000;;
D638;M021;;
D638;M022;;
D638;M023;;
D638;M024;;
D638;M025;;
D638;M026;;
D638;M027;;
D638;M028;;
D638;M029;;
D638;M030;;
D638;M031;;
D638;M032;;
D638;M033;;
D638;M034;;
D638;M035;;
D638;M036;;
D638;M051;;
D638;M052;;
D638;M053;;
D638;M054;;
D638;M055;;
D638;M056;;
D638;M057;;
D638;M058;;
D638;M061;;
D638;M062;;
D638;M063;;
D638;M064;;
D638;M101;;
D638;M102;;
D638;M140;;
D638;M141;;
D638;M143;;
D638;M144;;
D638;M145;;
D638;M146;;
D638;M147;;
D638;M148;;
D638;M149;;
D638;M150;;
D638;M301;;
D638;M302;;
D638;M303;;
D638;M304;;
D638;M305;;
D638;M306;;
D638;M307;;
D638;M308;;
D638;M309;;
D638;M310;;
D638;M401;;
D638;M402;;
D638;M403;;
D639;M001;;
D639;M002;;
D639;M003;;
D639;M004;;
D639;M005;;
D639;M006;;
D639;M007;;
D639;M008;;
D639;M009;;
D639;M010;;
D639;M011;;
D639;M012;;
D639;M013;;
D639;M014;;
D639;M015;;
D639;M016;;
D639;M017;;
D639;M018;;
D639;M021;;
D639;M022;;
D639;M023;;
D639;M101;;
D639;M102;;
D639;M103;;
D639;M104;;
D639;M301;;
D639;M302;;
D639;M303;;
D639;M304;;
D639;M305;;
D639;M306;;
D639;M309;;
D639;M310;;
D639;M321;;
D639;M322;;
D639;M323;;
D639;M324;;
D639;M325;;
D639;M326;;
D639;M327;;
D639;M328;;
D639;M401;;
D639;M402;;
D639;M431;;
D639;M521;;
D639;M522;;
D639;M523;;
D639;M524;;
D639;M525;;
D639;M526;;
D639;M527;;
D639;M528;;
D639;M531;;
D639;M532;;
D639;M533;;
D639;M534;;
D639;M535;;
D639;M536;;
D676;M000;;
D676;M001;;
D676;M002;;
D676;M003;;
D676;M004;;
D676;M101;;
D676;M102;;
D676;M103;;
D676;M104;;
D676;M301;;
D676;M302;;
D676;M303;;
D676;M304;;
D676;M305;;
D676;M306;;
D677;M000;;
D677;M301;;
D677;M302;;
D677;M303;;
D677;M304;;
D677;M305;;
D677;M306;;
D677;M307;;
D677;M308;;
D677;M401;;
D678;M000;;
D678;M301;;
D678;M302;;
D678;M303;;
D678;M304;;
D678;M305;;
D104;M000;;
D104;M101;;
D104;M102;;
D104;M103;;
D104;M104;;
D104;M701;;
D104;M702;;
D104;M703;;
D104;M704;;
D104;M705;;
D104;M706;;
D115;M000;;
D115;M101;;
D115;M102;;
D115;M401;;
D115;M402;;
D115;M701;;
D116;C01;;
D116;C02;;
D116;C03;;
D116;C04;;
D116;C05;;
D116;C06;;
D116;C07;;
D116;C08;;
D116;C09;;
D143;M000;;
D143;M003;;
D143;M004;;
D143;M005;;
D143;M006;;
D143;M007;;
D143;M008;;
D143;M009;;
D143;M010;;
D143;M011;;
D143;M021;;
D143;M022;;
D143;M023;;
D143;M101;;
D143;M102;;
D143;M103;;
D143;M111;;
D143;M112;;
D143;M113;;
D143;M114;;
D143;M201;;
D143;M202;;
D143;M203;;
D157;M000;;
D157;M001;;
D157;M002;;
D157;M003;;
D157;M004;;
D157;M005;;
D157;M006;;
D157;M007;;
D157;M008;;
D157;M009;;
D157;M010;;
D157;M101;;
D157;M102;;
D157;M103;;
D157;M701;;
D209;M000;;
D209;M001;;
D209;M101;;
D209;M102;;
D209;M103;;
D209;M104;;
D209;M701;;
D216;M000;;
D216;M001;;
D216;M002;;
D216;M003;;
D216;M004;;
D216;M005;;
D216;M006;;
D216;M007;;
D216;M008;;
D216;M009;;
D216;M010;;
D216;M011;;
D216;M012;;
D216;M013;;
D216;M014;;
D216;M015;;
D216;M016;;
D216;M017;;
D216;M018;;
D216;M019;;
D216;M020;;
D216;M021;;
D216;M022;;
D216;M023;;
D216;M024;;
D216;M101;;
D216;M102;;
D216;M103;;
D216;M104;;
D216;M105;;
D216;M106;;
D216;M107;;
D216;M301;;
D216;M302;;
D216;M303;;
D216;M304;;
D216;M305;;
D216;M306;;
D216;M307;;
D216;M308;;
D216;M309;;
D216;M310;;
D216;M401;;
D216;M501;;
D216;M502;;
D217;M000;;
D217;M004;;
D217;M005;;
D217;M006;;
D217;M007;;
D217;M008;;
D217;M009;;
D217;M010;;
D217;M011;;
D217;M012;;
D217;M013;;
D217;M014;;
D217;M015;;
D217;M016;;
D217;M017;;
D217;M018;;
D217;M019;;
D217;M020;;
D217;M021;;
D217;M022;;
D217;M023;;
D217;M024;;
D217;M025;;
D217;M026;;
D217;M027;;
D217;M028;;
D217;M029;;
D217;M103;;
D217;M104;;
D217;M130;;
D217;M131;;
D217;M132;;
D217;M133;;
D217;M301;;
D217;M302;;
D217;M303;;
D217;M304;;
D217;M305;;
D217;M306;;
D222;M000;;
D222;M301;;
D222;M302;;
D222;M303;;
D222;M304;;
D222;M305;;
D222;M306;;
D222;M307;;
D222;M308;;
D222;M309;;
D222;M401;;
D222;M701;;
D222;M702;;
D223;M000;;
D223;M101;;
D223;M102;;
D223;M103;;
D223;M104;;
D223;M301;;
D405;M000;;
D405;M001;;
D405;M002;;
D405;M003;;
D405;M004;;
D405;M005;;
D405;M006;;
D405;M007;;
D405;M008;;
D405;M009;;
D405;M010;;
D405;M105;;
D405;M301;;
D405;M401;;
D418;M000;;
D418;M001;;
D418;M002;;
D418;M101;;
D418;M102;;
D418;M301;;
D418;M302;;
D426;M000;;
D426;M001;;
D426;M002;;
D426;M101;;
D426;M102;;
D426;M103;;
D435;M000;;
D435;M001;;
D435;M002;;
D435;M003;;
D435;M004;;
D435;M005;;
D435;M006;;
D435;M007;;
D435;M008;;
D435;M101;;
D435;M102;;
D435;M201;;
D435;M202;;
D435;M203;;
D435;M204;;
D435;M205;;
D435;M207;;
D435;M208;;
D435;M209;;
D435;M210;;
D435;M211;;
D435;M212;;
D435;M301;;
D435;M302;;
D435;M303;;
D435;M304;;
D439;M000;;
D439;M001;;
D439;M002;;
D439;M003;;
D439;M004;;
D439;M101;;
D439;M102;;
D439;M103;;
D439;M104;;
D439;M205;;
D439;M206;;
D439;M207;;
D439;M301;;
D439;M302;;
D439;M303;;
D439;M304;;
D439;M305;;
D440;M000;;
D440;M001;;
D440;M002;;
D440;M101;;
D440;M102;;
D440;M103;;
D441;M000;;
D441;M001;;
D441;M002;;
D441;M003;;
D441;M004;;
D441;M005;;
D441;M006;;
D441;M007;;
D441;M008;;
D441;M101;;
D441;M102;;
D441;M201;;
D441;M202;;
D441;M203;;
D441;M204;;
D441;M205;;
D441;M206;;
D441;M207;;
D441;M208;;
D441;M209;;
D441;M210;;
D441;M211;;
D441;M212;;
D441;M301;;
D441;M302;;
D441;M303;;
D441;M304;;
D441;M305;;
D442;M000;;
D442;M001;;
D442;M002;;
D442;M003;;
D442;M004;;
D442;M005;;
D442;M006;;
D442;M007;;
D442;M008;;
D442;M009;;
D442;M010;;
D442;M011;;
D442;M012;;
D442;M013;;
D442;M201;;
D442;M202;;
D442;M203;;
D442;M204;;
D442;M205;;
D442;M301;;
D442;M302;;
D442;M303;;
D442;M304;;
D442;M305;;
D456;M000;;
D456;M001;;
D456;M002;;
D456;M003;;
D456;M004;;
D456;M005;;
D456;M006;;
D456;M007;;
D456;M008;;
D456;M113;;
D456;M114;;
D456;M115;;
D456;M201;;
D456;M202;;
D456;M203;;
D456;M204;;
D456;M205;;
D456;M206;;
D456;M207;;
D456;M208;;
D456;M209;;
D456;M210;;
D456;M211;;
D456;M212;;
D456;M306;;
D456;M307;;
D456;M701;;
D456;M801;;
D460;M000;;
D460;M101;;
D460;M102;;
D462;M000;;
D462;M001;;
D462;M002;;
D462;M003;;
D462;M004;;
D462;M005;;
D462;M006;;
D462;M007;;
D462;M008;;
D462;M101;;
D462;M102;;
D462;M103;;
D462;M104;;
D462;M301;;
D462;M302;;
D462;M303;;
D462;M304;;
D462;M305;;
D462;M501;;
D462;M502;;
D462;M503;;
D462;M504;;
D462;M701;;
D462;M702;;
D472;M000;;
D472;M001;;
D472;M002;;
D472;M101;;
D472;M102;;
D472;M301;;
D472;M302;;
D472;M303;;
D472;M304;;
D472;M305;;
D472;M401;;
D476;M000;;
D476;M001;;
D476;M002;;
D476;M101;;
D476;M102;;
D476;M301;;
D476;M302;;
D476;M303;;
D476;M304;;
D476;M701;;
D477;M000;;
D477;M001;;
D477;M002;;
D477;M101;;
D477;M102;;
D652;M000;;
D652;M008;;
D652;M101;;
D652;M102;;
D652;M301;;
D652;M303;;
D652;M304;;
D652;M305;;
D652;M306;;
D652;M401;;
D652;M402;;
D652;M403;;
D004;M000;;
D004;M001;;
D004;M002;;
D004;M003;;
D004;M004;;
D004;M005;;
D004;M006;;
D004;M007;;
D004;M011;;
D004;M012;;
D004;M013;;
D004;M014;;
D004;M015;;
D004;M016;;
D004;M017;;
D004;M101;;
D004;M102;;
D004;M103;;
D004;M104;;
D004;M201;;
D004;M202;;
D004;M301;;
D004;M302;;
D004;M303;;
D004;M304;;
D004;M305;;
D004;M306;;
D004;M307;;
D004;M308;;
D006;C09;;
D006;M001;;
D006;M002;;
D006;M003;;
D006;M004;;
D006;M005;;
D006;M006;;
D006;M007;;
D006;M008;;
D006;M101;;
D006;M102;;
D006;M103;;
D006;M201;;
D006;M202;;
D006;M203;;
D006;M204;;
D006;M205;;
D006;M206;;
D006;M301;;
D006;M302;;
D006;M303;;
D006;M304;;
D006;M305;;
D006;M306;;
D006;M307;;
D006;M308;;
D006;M309;;
D007;M000;;
D007;M101;;
D007;M102;;
D007;M301;;
D007;M302;;
D007;M303;;
D007;M304;;
D007;M305;;
D007;M701;;
D014;M000;;
D014;M101;;
D014;M102;;
D014;M103;;
D014;M104;;
D014;M301;;
D014;M302;;
D014;M303;;
D014;M304;;
D014;M305;;
D014;M306;;
D014;M307;;
D014;M308;;
D014;M309;;
D014;M310;;
D014;M401;;
D019;M000;;
D019;M001;;
D019;M002;;
D019;M003;;
D019;M004;;
D019;M005;;
D019;M006;;
D019;M007;;
D019;M008;;
D019;M101;;
D019;M102;;
D019;M103;;
D019;M301;;
D019;M302;;
D019;M303;;
D019;M304;;
D019;M305;;
D020;M000;;
D020;M001;;
D020;M002;;
D020;M101;;
D020;M102;;
D020;M701;;
D020;M702;;
D020;M703;;
D021;M000;;
D021;M001;;
D021;M002;;
D021;M101;;
D021;M102;;
D021;M103;;
D021;M104;;
D021;M701;;
D029;M000;;
D029;M001;;
D029;M002;;
D029;M101;;
D029;M102;;
D029;M701;;
D037;M000;;
D037;M701;;
D051;M000;;
D051;M001;;
D051;M002;;
D051;M003;;
D051;M004;;
D051;M005;;
D051;M101;;
D051;M401;;
D059;M000;;
D059;M001;;
D059;M002;;
D059;M003;;
D059;M101;;
D059;M401;;
D067;M000;;
D067;M701;;
D067;M702;;
D067;M703;;
D502;M000;;
D502;M001;;
D502;M002;;
D502;M003;;
D502;M004;;
D502;M005;;
D502;M006;;
D502;M007;;
D502;M008;;
D502;M009;;
D502;M010;;
D502;M101;;
D502;M102;;
D502;M103;;
D502;M401;;
D603;M000;;
D603;M001;;
D603;M002;;
D603;M003;;
D603;M004;;
D603;M005;;
D603;M006;;
D603;M007;;
D603;M008;;
D603;M009;;
D603;M010;;
D603;M011;;
D603;M012;;
D603;M013;;
D603;M014;;
D603;M015;;
D603;M016;;
D603;M017;;
D603;M118;;
D603;M119;;
D603;M120;;
D603;M121;;
D603;M301;;
D603;M302;;
D603;M303;;
D603;M304;;
D603;M305;;
D603;M306;;
D603;M307;;
D603;M308;;
D603;M401;;
D603;M801;;
D605;M000;;
D605;M001;;
D605;M002;;
D605;M003;;
D605;M004;;
D605;M005;;
D605;M006;;
D605;M121;;
D605;M122;;
D605;M123;;
D605;M124;;
D605;M125;;
D605;M301;;
D605;M302;;
D605;M303;;
D605;M304;;
D605;M305;;
D605;M306;;
D605;M401;;
D605;M402;;
D605;M403;;
D613;M000;;
D613;M001;;
D613;M002;;
D613;M003;;
D613;M004;;
D613;M005;;
D613;M006;;
D613;M010;;
D613;M303;;
D613;M304;;
D613;M305;;
D613;M306;;
D613;M307;;
D613;M308;;
D613;M401;;
D613;M402;;
D614;M000;;
D614;M001;;
D614;M002;;
D614;M003;;
D614;M004;;
D614;M005;;
D614;M006;;
D614;M010;;
D614;M101;;
D614;M102;;
D614;M103;;
D614;M104;;
D614;M301;;
D614;M302;;
D614;M303;;
D614;M304;;
D614;M305;;
D614;M306;;
D614;M307;;
D614;M308;;
D625;M000;;
D625;M301;;
D625;M302;;
D625;M303;;
D625;M304;;
D625;M401;;
D625;M402;;
D625;M403;;
D625;M404;;
D625;M422;;
D632;M000;;
D632;M001;;
D632;M002;;
D632;M003;;
D632;M004;;
D632;M101;;
D632;M102;;
D632;M301;;
D632;M302;;
D632;M303;;
D632;M304;;
D632;M305;;
D632;M401;;
D632;M402;;
D632;M403;;
D304;C04;;
D304;C05;;
D304;C06;;
D094;C01;;
D711;C01;;
D711;C02;;
D711;C03;;
D711;C04;;
D711;C05;;
D711;C06;;
D711;C07;;
D084;C01;;
D084;C02;;
D084;C03;;
D084;C04;;
D084;C05;;
D084;C06;;
D084;C07;;
D084;C08;;
D084;C09;;
D084;C10;;
D648;C01;;
